{"cameraMode":{"drawMode":0,"name":"Shaded","section":"Shading Mode"},"sceneLighting":false,"audioPlay":false,"sceneViewState":{"m_AlwaysRefresh":false,"showFog":true,"showSkybox":false,"showFlares":true,"showImageEffects":true,"showParticleSystems":true,"showVisualEffectGraphs":true,"m_FxEnabled":true},"in2DMode":false,"pivot":{"x":-29.14552116394043,"y":2.195592164993286,"z":-1.2866498231887818},"rotation":{"x":-0.09055949002504349,"y":0.15530353784561158,"z":-0.014300284907221794,"w":-0.9836186766624451},"size":0.8942997455596924,"orthographic":false}