{"cameraMode":{"drawMode":0,"name":"Shaded","section":"Shading Mode"},"sceneLighting":true,"audioPlay":false,"sceneViewState":{"m_AlwaysRefresh":false,"showFog":true,"showSkybox":true,"showFlares":true,"showImageEffects":true,"showParticleSystems":true,"showVisualEffectGraphs":true,"m_FxEnabled":true},"in2DMode":false,"pivot":{"x":-18.860471725463868,"y":3.4614710807800295,"z":-5.193294525146484},"rotation":{"x":-0.0632709339261055,"y":0.005091738421469927,"z":-0.00031182635575532913,"w":-0.9980396628379822},"size":4.636196613311768,"orthographic":false}